,mean_fit_time,std_fit_time,mean_score_time,std_score_time,param_propensity_model__n_estimators,param_propensity_model__max_depth,param_propensity_model__learning_rate,param_propensity_model__l2_leaf_reg,param_outcome_model__n_estimators,param_outcome_model__max_depth,param_outcome_model__learning_rate,param_outcome_model__l2_leaf_reg,param_effect_model__random_strength,param_effect_model__n_estimators,param_effect_model__max_depth,param_effect_model__learning_rate,param_effect_model__l2_leaf_reg,params,split0_test_score,split1_test_score,split2_test_score,mean_test_score,std_test_score,rank_test_score
0,30.443026145299275,0.4501221160932286,0.20134719212849936,0.06329090846416155,150,5,0.01,10.0,250,7,0.03,2.0,0.0,50,4,0.02,5.0,"{'propensity_model__n_estimators': 150, 'propensity_model__max_depth': 5, 'propensity_model__learning_rate': 0.01, 'propensity_model__l2_leaf_reg': 10.0, 'outcome_model__n_estimators': 250, 'outcome_model__max_depth': 7, 'outcome_model__learning_rate': 0.03, 'outcome_model__l2_leaf_reg': 2.0, 'effect_model__random_strength': 0.0, 'effect_model__n_estimators': 50, 'effect_model__max_depth': 4, 'effect_model__learning_rate': 0.02, 'effect_model__l2_leaf_reg': 5.0}",0.047195389096190865,0.06190406437041604,0.03643294659148255,0.04851080001936315,0.010440057140637886,6
1,11.21878488858541,1.0520810651663588,0.2488846778869629,0.030346166459011618,50,5,0.04,20.0,150,7,0.04,7.0,1.5,50,5,0.04,5.0,"{'propensity_model__n_estimators': 50, 'propensity_model__max_depth': 5, 'propensity_model__learning_rate': 0.04, 'propensity_model__l2_leaf_reg': 20.0, 'outcome_model__n_estimators': 150, 'outcome_model__max_depth': 7, 'outcome_model__learning_rate': 0.04, 'outcome_model__l2_leaf_reg': 7.0, 'effect_model__random_strength': 1.5, 'effect_model__n_estimators': 50, 'effect_model__max_depth': 5, 'effect_model__learning_rate': 0.04, 'effect_model__l2_leaf_reg': 5.0}",0.038676426814708925,0.04830554609753039,0.043979909596614325,0.043653960836284554,0.0039378222819617306,77
2,9.913134972254435,0.2908383147342208,0.18225566546122232,0.05157277013244467,100,4,0.01,20.0,150,5,0.04,4.0,1.0,50,3,0.03,10.0,"{'propensity_model__n_estimators': 100, 'propensity_model__max_depth': 4, 'propensity_model__learning_rate': 0.01, 'propensity_model__l2_leaf_reg': 20.0, 'outcome_model__n_estimators': 150, 'outcome_model__max_depth': 5, 'outcome_model__learning_rate': 0.04, 'outcome_model__l2_leaf_reg': 4.0, 'effect_model__random_strength': 1.0, 'effect_model__n_estimators': 50, 'effect_model__max_depth': 3, 'effect_model__learning_rate': 0.03, 'effect_model__l2_leaf_reg': 10.0}",0.040889811521067715,0.04913252122554447,0.03869637954701442,0.04290623743120887,0.004492790029362187,87
3,21.183228572209675,0.21237990284935868,0.22753508885701498,0.04671615719120338,50,4,0.01,25.0,200,6,0.03,4.0,0.0,50,5,0.02,15.0,"{'propensity_model__n_estimators': 50, 'propensity_model__max_depth': 4, 'propensity_model__learning_rate': 0.01, 'propensity_model__l2_leaf_reg': 25.0, 'outcome_model__n_estimators': 200, 'outcome_model__max_depth': 6, 'outcome_model__learning_rate': 0.03, 'outcome_model__l2_leaf_reg': 4.0, 'effect_model__random_strength': 0.0, 'effect_model__n_estimators': 50, 'effect_model__max_depth': 5, 'effect_model__learning_rate': 0.02, 'effect_model__l2_leaf_reg': 15.0}",0.04305408106453834,0.048934814665116136,0.0428870043000478,0.0449586333432341,0.0028124120240665173,59
4,30.996694803237915,0.9572623104234459,0.2646801471710205,0.0229225889100908,100,5,0.01,10.0,250,6,0.1,2.0,1.5,100,3,0.05,10.0,"{'propensity_model__n_estimators': 100, 'propensity_model__max_depth': 5, 'propensity_model__learning_rate': 0.01, 'propensity_model__l2_leaf_reg': 10.0, 'outcome_model__n_estimators': 250, 'outcome_model__max_depth': 6, 'outcome_model__learning_rate': 0.1, 'outcome_model__l2_leaf_reg': 2.0, 'effect_model__random_strength': 1.5, 'effect_model__n_estimators': 100, 'effect_model__max_depth': 3, 'effect_model__learning_rate': 0.05, 'effect_model__l2_leaf_reg': 10.0}",0.04708506285677286,0.04915117643213711,0.03960109411980248,0.04527911113623748,0.004102610084305698,51
5,39.42514077822367,2.1267025895159613,0.20234258969624838,0.062260729877471783,100,3,0.02,20.0,250,8,0.1,7.0,0.5,150,3,0.02,15.0,"{'propensity_model__n_estimators': 100, 'propensity_model__max_depth': 3, 'propensity_model__learning_rate': 0.02, 'propensity_model__l2_leaf_reg': 20.0, 'outcome_model__n_estimators': 250, 'outcome_model__max_depth': 8, 'outcome_model__learning_rate': 0.1, 'outcome_model__l2_leaf_reg': 7.0, 'effect_model__random_strength': 0.5, 'effect_model__n_estimators': 150, 'effect_model__max_depth': 3, 'effect_model__learning_rate': 0.02, 'effect_model__l2_leaf_reg': 15.0}",0.04797586794065739,0.05264852106404999,0.0393977350720659,0.046674041358924424,0.0054873731838358,26
6,16.450785557428997,1.2093951982374673,0.19114931424458823,0.011852750322039241,150,5,0.05,20.0,100,5,0.05,3.0,0.0,150,3,0.02,10.0,"{'propensity_model__n_estimators': 150, 'propensity_model__max_depth': 5, 'propensity_model__learning_rate': 0.05, 'propensity_model__l2_leaf_reg': 20.0, 'outcome_model__n_estimators': 100, 'outcome_model__max_depth': 5, 'outcome_model__learning_rate': 0.05, 'outcome_model__l2_leaf_reg': 3.0, 'effect_model__random_strength': 0.0, 'effect_model__n_estimators': 150, 'effect_model__max_depth': 3, 'effect_model__learning_rate': 0.02, 'effect_model__l2_leaf_reg': 10.0}",0.0418336002758658,0.054886266814696244,0.03449369081637771,0.043737852635646585,0.008433422466555212,76
7,31.180320739746094,1.4395529730369154,0.25931763648986816,0.023043625948172913,100,5,0.04,20.0,200,5,0.03,6.0,1.0,200,5,0.02,10.0,"{'propensity_model__n_estimators': 100, 'propensity_model__max_depth': 5, 'propensity_model__learning_rate': 0.04, 'propensity_model__l2_leaf_reg': 20.0, 'outcome_model__n_estimators': 200, 'outcome_model__max_depth': 5, 'outcome_model__learning_rate': 0.03, 'outcome_model__l2_leaf_reg': 6.0, 'effect_model__random_strength': 1.0, 'effect_model__n_estimators': 200, 'effect_model__max_depth': 5, 'effect_model__learning_rate': 0.02, 'effect_model__l2_leaf_reg': 10.0}",0.04034977663069644,0.05772238012076383,0.044024591773590166,0.04736558284168348,0.007475448882557038,18
8,40.419281005859375,0.41237772679893653,0.24874726931254068,0.006689066495125331,150,3,0.04,30.0,300,7,0.09000000000000001,1.0,0.5,150,3,0.02,10.0,"{'propensity_model__n_estimators': 150, 'propensity_model__max_depth': 3, 'propensity_model__learning_rate': 0.04, 'propensity_model__l2_leaf_reg': 30.0, 'outcome_model__n_estimators': 300, 'outcome_model__max_depth': 7, 'outcome_model__learning_rate': 0.09000000000000001, 'outcome_model__l2_leaf_reg': 1.0, 'effect_model__random_strength': 0.5, 'effect_model__n_estimators': 150, 'effect_model__max_depth': 3, 'effect_model__learning_rate': 0.02, 'effect_model__l2_leaf_reg': 10.0}",0.04545158681313016,0.06166482096714655,0.0414112705315664,0.0495092261039477,0.008752138929901152,2
9,34.54282855987549,1.2701128684581453,0.2873671054840088,0.018534732353444133,150,4,0.05,15.0,200,8,0.060000000000000005,2.0,0.5,100,4,0.05,5.0,"{'propensity_model__n_estimators': 150, 'propensity_model__max_depth': 4, 'propensity_model__learning_rate': 0.05, 'propensity_model__l2_leaf_reg': 15.0, 'outcome_model__n_estimators': 200, 'outcome_model__max_depth': 8, 'outcome_model__learning_rate': 0.060000000000000005, 'outcome_model__l2_leaf_reg': 2.0, 'effect_model__random_strength': 0.5, 'effect_model__n_estimators': 100, 'effect_model__max_depth': 4, 'effect_model__learning_rate': 0.05, 'effect_model__l2_leaf_reg': 5.0}",0.03953316217372699,0.058377405077280536,0.03750435258685619,0.04513830661262124,0.009398025083411685,55
10,38.800000031789146,0.7394151710271417,0.2442624568939209,0.016710614460133503,50,3,0.05,15.0,250,8,0.060000000000000005,4.0,0.5,150,3,0.05,15.0,"{'propensity_model__n_estimators': 50, 'propensity_model__max_depth': 3, 'propensity_model__learning_rate': 0.05, 'propensity_model__l2_leaf_reg': 15.0, 'outcome_model__n_estimators': 250, 'outcome_model__max_depth': 8, 'outcome_model__learning_rate': 0.060000000000000005, 'outcome_model__l2_leaf_reg': 4.0, 'effect_model__random_strength': 0.5, 'effect_model__n_estimators': 150, 'effect_model__max_depth': 3, 'effect_model__learning_rate': 0.05, 'effect_model__l2_leaf_reg': 15.0}",0.04067095504374499,0.05175510119827843,0.04014470744140608,0.04419025456114317,0.00535346695250062,73
11,27.38169264793396,0.7114594398004338,0.18888020515441895,0.019734328650146925,150,3,0.04,20.0,200,7,0.09000000000000001,3.0,1.0,100,3,0.01,5.0,"{'propensity_model__n_estimators': 150, 'propensity_model__max_depth': 3, 'propensity_model__learning_rate': 0.04, 'propensity_model__l2_leaf_reg': 20.0, 'outcome_model__n_estimators': 200, 'outcome_model__max_depth': 7, 'outcome_model__learning_rate': 0.09000000000000001, 'outcome_model__l2_leaf_reg': 3.0, 'effect_model__random_strength': 1.0, 'effect_model__n_estimators': 100, 'effect_model__max_depth': 3, 'effect_model__learning_rate': 0.01, 'effect_model__l2_leaf_reg': 5.0}",0.0424810717741996,0.05205685300831597,0.034597803808780664,0.04304524286376541,0.007138782179133685,84
12,18.391528606414795,1.6465330601232888,0.14121333758036295,0.02974349591781636,50,4,0.01,30.0,100,5,0.04,1.0,1.5,200,6,0.03,5.0,"{'propensity_model__n_estimators': 50, 'propensity_model__max_depth': 4, 'propensity_model__learning_rate': 0.01, 'propensity_model__l2_leaf_reg': 30.0, 'outcome_model__n_estimators': 100, 'outcome_model__max_depth': 5, 'outcome_model__learning_rate': 0.04, 'outcome_model__l2_leaf_reg': 1.0, 'effect_model__random_strength': 1.5, 'effect_model__n_estimators': 200, 'effect_model__max_depth': 6, 'effect_model__learning_rate': 0.03, 'effect_model__l2_leaf_reg': 5.0}",0.04667183988290191,0.04973470697007433,0.03620962463213123,0.04420539049503582,0.005790480262132197,72
13,11.564615170160929,0.422465804894076,0.19003836313883463,0.001969912993057658,50,5,0.05,30.0,150,7,0.07,9.0,0.5,100,4,0.04,5.0,"{'propensity_model__n_estimators': 50, 'propensity_model__max_depth': 5, 'propensity_model__learning_rate': 0.05, 'propensity_model__l2_leaf_reg': 30.0, 'outcome_model__n_estimators': 150, 'outcome_model__max_depth': 7, 'outcome_model__learning_rate': 0.07, 'outcome_model__l2_leaf_reg': 9.0, 'effect_model__random_strength': 0.5, 'effect_model__n_estimators': 100, 'effect_model__max_depth': 4, 'effect_model__learning_rate': 0.04, 'effect_model__l2_leaf_reg': 5.0}",0.03644108927704737,0.051995827858249424,0.03828635624426252,0.04224109112651977,0.006938655925277875,96
14,38.88121199607849,0.10575960070691591,0.16621009508768717,0.04834441776218401,150,4,0.03,10.0,300,7,0.060000000000000005,10.0,0.0,50,6,0.03,10.0,"{'propensity_model__n_estimators': 150, 'propensity_model__max_depth': 4, 'propensity_model__learning_rate': 0.03, 'propensity_model__l2_leaf_reg': 10.0, 'outcome_model__n_estimators': 300, 'outcome_model__max_depth': 7, 'outcome_model__learning_rate': 0.060000000000000005, 'outcome_model__l2_leaf_reg': 10.0, 'effect_model__random_strength': 0.0, 'effect_model__n_estimators': 50, 'effect_model__max_depth': 6, 'effect_model__learning_rate': 0.03, 'effect_model__l2_leaf_reg': 10.0}",0.03561556409626801,0.05718590555764819,0.05052329716006845,0.047774922271328214,0.0090179480698929,10
15,32.92094079653422,1.2884764022073047,0.18361576398213705,0.021344632194000054,100,4,0.05,20.0,200,8,0.060000000000000005,7.0,2.0,150,5,0.02,5.0,"{'propensity_model__n_estimators': 100, 'propensity_model__max_depth': 4, 'propensity_model__learning_rate': 0.05, 'propensity_model__l2_leaf_reg': 20.0, 'outcome_model__n_estimators': 200, 'outcome_model__max_depth': 8, 'outcome_model__learning_rate': 0.060000000000000005, 'outcome_model__l2_leaf_reg': 7.0, 'effect_model__random_strength': 2.0, 'effect_model__n_estimators': 150, 'effect_model__max_depth': 5, 'effect_model__learning_rate': 0.02, 'effect_model__l2_leaf_reg': 5.0}",0.04642152732677801,0.05958410162071584,0.04174459509001176,0.04925007467916853,0.007552593744681139,3
16,30.914762894312542,0.3899179322731514,0.16590332984924316,0.05154007711227348,50,3,0.03,25.0,250,7,0.060000000000000005,8.0,1.0,150,5,0.01,5.0,"{'propensity_model__n_estimators': 50, 'propensity_model__max_depth': 3, 'propensity_model__learning_rate': 0.03, 'propensity_model__l2_leaf_reg': 25.0, 'outcome_model__n_estimators': 250, 'outcome_model__max_depth': 7, 'outcome_model__learning_rate': 0.060000000000000005, 'outcome_model__l2_leaf_reg': 8.0, 'effect_model__random_strength': 1.0, 'effect_model__n_estimators': 150, 'effect_model__max_depth': 5, 'effect_model__learning_rate': 0.01, 'effect_model__l2_leaf_reg': 5.0}",0.04063226105567325,0.052474908278272475,0.0405085135954672,0.04453856097647097,0.005612072387843066,65
17,33.56817134221395,0.47141329853036934,0.17859387397766113,0.06402340568862158,50,4,0.03,15.0,300,6,0.03,10.0,0.0,150,6,0.04,15.0,"{'propensity_model__n_estimators': 50, 'propensity_model__max_depth': 4, 'propensity_model__learning_rate': 0.03, 'propensity_model__l2_leaf_reg': 15.0, 'outcome_model__n_estimators': 300, 'outcome_model__max_depth': 6, 'outcome_model__learning_rate': 0.03, 'outcome_model__l2_leaf_reg': 10.0, 'effect_model__random_strength': 0.0, 'effect_model__n_estimators': 150, 'effect_model__max_depth': 6, 'effect_model__learning_rate': 0.04, 'effect_model__l2_leaf_reg': 15.0}",0.03430474622509763,0.05206352107868348,0.03850651468210614,0.04162492732862908,0.0075779018270487825,99
18,13.415325005849203,0.25474983521603806,0.16553409894307455,0.04967458450270336,50,3,0.02,30.0,150,5,0.08000000000000002,7.0,1.5,200,4,0.04,10.0,"{'propensity_model__n_estimators': 50, 'propensity_model__max_depth': 3, 'propensity_model__learning_rate': 0.02, 'propensity_model__l2_leaf_reg': 30.0, 'outcome_model__n_estimators': 150, 'outcome_model__max_depth': 5, 'outcome_model__learning_rate': 0.08000000000000002, 'outcome_model__l2_leaf_reg': 7.0, 'effect_model__random_strength': 1.5, 'effect_model__n_estimators': 200, 'effect_model__max_depth': 4, 'effect_model__learning_rate': 0.04, 'effect_model__l2_leaf_reg': 10.0}",0.03978250892867696,0.05138634578771377,0.03880761202730401,0.04332548891456491,0.005713765024868745,82
19,14.108359416325888,0.9576523507430669,0.23939204216003418,0.009422545109770773,100,5,0.01,25.0,100,6,0.07,4.0,0.5,150,6,0.02,15.0,"{'propensity_model__n_estimators': 100, 'propensity_model__max_depth': 5, 'propensity_model__learning_rate': 0.01, 'propensity_model__l2_leaf_reg': 25.0, 'outcome_model__n_estimators': 100, 'outcome_model__max_depth': 6, 'outcome_model__learning_rate': 0.07, 'outcome_model__l2_leaf_reg': 4.0, 'effect_model__random_strength': 0.5, 'effect_model__n_estimators': 150, 'effect_model__max_depth': 6, 'effect_model__learning_rate': 0.02, 'effect_model__l2_leaf_reg': 15.0}",0.04146790905265482,0.04828906720571169,0.04045809779260731,0.04340502468365794,0.0034780581951381565,81
20,19.656358639399212,1.1724603514769545,0.23830087979634604,0.045409707447244436,50,4,0.04,10.0,200,5,0.08000000000000002,5.0,0.0,100,4,0.04,10.0,"{'propensity_model__n_estimators': 50, 'propensity_model__max_depth': 4, 'propensity_model__learning_rate': 0.04, 'propensity_model__l2_leaf_reg': 10.0, 'outcome_model__n_estimators': 200, 'outcome_model__max_depth': 5, 'outcome_model__learning_rate': 0.08000000000000002, 'outcome_model__l2_leaf_reg': 5.0, 'effect_model__random_strength': 0.0, 'effect_model__n_estimators': 100, 'effect_model__max_depth': 4, 'effect_model__learning_rate': 0.04, 'effect_model__l2_leaf_reg': 10.0}",0.041558893800601654,0.05044801026957638,0.04104211773819841,0.04434967393612548,0.004317332811013743,69
21,24.100247462590534,0.3472185075220749,0.21038214365641275,0.05949726641353114,50,3,0.01,30.0,200,7,0.08000000000000002,7.0,0.0,100,4,0.05,15.0,"{'propensity_model__n_estimators': 50, 'propensity_model__max_depth': 3, 'propensity_model__learning_rate': 0.01, 'propensity_model__l2_leaf_reg': 30.0, 'outcome_model__n_estimators': 200, 'outcome_model__max_depth': 7, 'outcome_model__learning_rate': 0.08000000000000002, 'outcome_model__l2_leaf_reg': 7.0, 'effect_model__random_strength': 0.0, 'effect_model__n_estimators': 100, 'effect_model__max_depth': 4, 'effect_model__learning_rate': 0.05, 'effect_model__l2_leaf_reg': 15.0}",0.044938623020814805,0.04619633463723091,0.039144044747780576,0.043426334135275434,0.003071260482408409,80
22,13.545972347259521,1.2595106735530517,0.14718039830525717,0.059773286129680386,100,4,0.05,25.0,100,6,0.060000000000000005,10.0,2.0,150,5,0.04,5.0,"{'propensity_model__n_estimators': 100, 'propensity_model__max_depth': 4, 'propensity_model__learning_rate': 0.05, 'propensity_model__l2_leaf_reg': 25.0, 'outcome_model__n_estimators': 100, 'outcome_model__max_depth': 6, 'outcome_model__learning_rate': 0.060000000000000005, 'outcome_model__l2_leaf_reg': 10.0, 'effect_model__random_strength': 2.0, 'effect_model__n_estimators': 150, 'effect_model__max_depth': 5, 'effect_model__learning_rate': 0.04, 'effect_model__l2_leaf_reg': 5.0}",0.0465187564016169,0.051556516332235014,0.041610328228171095,0.046561866987341,0.004060628715056061,28
23,12.12833309173584,0.25900327982905014,0.20080327987670898,0.010824869111961288,50,4,0.03,30.0,100,5,0.1,8.0,1.0,200,4,0.05,5.0,"{'propensity_model__n_estimators': 50, 'propensity_model__max_depth': 4, 'propensity_model__learning_rate': 0.03, 'propensity_model__l2_leaf_reg': 30.0, 'outcome_model__n_estimators': 100, 'outcome_model__max_depth': 5, 'outcome_model__learning_rate': 0.1, 'outcome_model__l2_leaf_reg': 8.0, 'effect_model__random_strength': 1.0, 'effect_model__n_estimators': 200, 'effect_model__max_depth': 4, 'effect_model__learning_rate': 0.05, 'effect_model__l2_leaf_reg': 5.0}",0.03775056168459309,0.051123796675392366,0.031086844955767023,0.039987067771917496,0.008331519595793178,100
24,25.87576913833618,0.36915337458730746,0.22971288363138834,0.04278244781884574,50,5,0.04,25.0,300,5,0.03,10.0,2.0,50,3,0.03,15.0,"{'propensity_model__n_estimators': 50, 'propensity_model__max_depth': 5, 'propensity_model__learning_rate': 0.04, 'propensity_model__l2_leaf_reg': 25.0, 'outcome_model__n_estimators': 300, 'outcome_model__max_depth': 5, 'outcome_model__learning_rate': 0.03, 'outcome_model__l2_leaf_reg': 10.0, 'effect_model__random_strength': 2.0, 'effect_model__n_estimators': 50, 'effect_model__max_depth': 3, 'effect_model__learning_rate': 0.03, 'effect_model__l2_leaf_reg': 15.0}",0.043658708702418975,0.05672568700944283,0.05022089809040542,0.05020176460075574,0.005334588711848843,1
25,38.211953481038414,0.5929840234190094,0.18540128072102866,0.03971876422591053,50,5,0.02,25.0,250,8,0.07,6.0,1.5,100,6,0.05,10.0,"{'propensity_model__n_estimators': 50, 'propensity_model__max_depth': 5, 'propensity_model__learning_rate': 0.02, 'propensity_model__l2_leaf_reg': 25.0, 'outcome_model__n_estimators': 250, 'outcome_model__max_depth': 8, 'outcome_model__learning_rate': 0.07, 'outcome_model__l2_leaf_reg': 6.0, 'effect_model__random_strength': 1.5, 'effect_model__n_estimators': 100, 'effect_model__max_depth': 6, 'effect_model__learning_rate': 0.05, 'effect_model__l2_leaf_reg': 10.0}",0.04445095117939357,0.04680016339209166,0.03752952542710872,0.04292687999953132,0.003935164273607122,86
26,33.24294034639994,0.9638817875993045,0.19504721959431967,0.04236167706633039,150,3,0.02,10.0,300,6,0.05,6.0,1.5,50,5,0.02,10.0,"{'propensity_model__n_estimators': 150, 'propensity_model__max_depth': 3, 'propensity_model__learning_rate': 0.02, 'propensity_model__l2_leaf_reg': 10.0, 'outcome_model__n_estimators': 300, 'outcome_model__max_depth': 6, 'outcome_model__learning_rate': 0.05, 'outcome_model__l2_leaf_reg': 6.0, 'effect_model__random_strength': 1.5, 'effect_model__n_estimators': 50, 'effect_model__max_depth': 5, 'effect_model__learning_rate': 0.02, 'effect_model__l2_leaf_reg': 10.0}",0.039566795717091874,0.05171172871727406,0.03781847926092716,0.043032334565097696,0.006178622540359029,85
27,36.155952612559,0.21232385893595593,0.17111817995707193,0.05252206896286264,50,5,0.01,25.0,300,7,0.04,7.0,2.0,150,4,0.02,15.0,"{'propensity_model__n_estimators': 50, 'propensity_model__max_depth': 5, 'propensity_model__learning_rate': 0.01, 'propensity_model__l2_leaf_reg': 25.0, 'outcome_model__n_estimators': 300, 'outcome_model__max_depth': 7, 'outcome_model__learning_rate': 0.04, 'outcome_model__l2_leaf_reg': 7.0, 'effect_model__random_strength': 2.0, 'effect_model__n_estimators': 150, 'effect_model__max_depth': 4, 'effect_model__learning_rate': 0.02, 'effect_model__l2_leaf_reg': 15.0}",0.04468195062664583,0.051257860621283305,0.04641630765637439,0.047452039634767844,0.00278270894545745,17
28,31.260023673375446,0.5064304578257092,0.15306512514750162,0.044316921919052246,100,3,0.01,20.0,250,7,0.09000000000000001,6.0,1.0,100,3,0.02,10.0,"{'propensity_model__n_estimators': 100, 'propensity_model__max_depth': 3, 'propensity_model__learning_rate': 0.01, 'propensity_model__l2_leaf_reg': 20.0, 'outcome_model__n_estimators': 250, 'outcome_model__max_depth': 7, 'outcome_model__learning_rate': 0.09000000000000001, 'outcome_model__l2_leaf_reg': 6.0, 'effect_model__random_strength': 1.0, 'effect_model__n_estimators': 100, 'effect_model__max_depth': 3, 'effect_model__learning_rate': 0.02, 'effect_model__l2_leaf_reg': 10.0}",0.04805092160371646,0.050919522191524846,0.03656597364286182,0.04517880581270104,0.006201767265463219,53
29,26.39872694015503,0.38747260635439223,0.24147868156433105,0.05418869183920394,100,5,0.01,15.0,200,5,0.04,3.0,1.0,150,6,0.04,15.0,"{'propensity_model__n_estimators': 100, 'propensity_model__max_depth': 5, 'propensity_model__learning_rate': 0.01, 'propensity_model__l2_leaf_reg': 15.0, 'outcome_model__n_estimators': 200, 'outcome_model__max_depth': 5, 'outcome_model__learning_rate': 0.04, 'outcome_model__l2_leaf_reg': 3.0, 'effect_model__random_strength': 1.0, 'effect_model__n_estimators': 150, 'effect_model__max_depth': 6, 'effect_model__learning_rate': 0.04, 'effect_model__l2_leaf_reg': 15.0}",0.04540716747285062,0.05218089203724041,0.03953705241920982,0.045708370643100286,0.005166217996687475,40
30,30.19139750798543,1.077927137817198,0.24313179651896158,0.0289808517559133,50,3,0.04,10.0,250,7,0.04,2.0,2.0,150,3,0.05,5.0,"{'propensity_model__n_estimators': 50, 'propensity_model__max_depth': 3, 'propensity_model__learning_rate': 0.04, 'propensity_model__l2_leaf_reg': 10.0, 'outcome_model__n_estimators': 250, 'outcome_model__max_depth': 7, 'outcome_model__learning_rate': 0.04, 'outcome_model__l2_leaf_reg': 2.0, 'effect_model__random_strength': 2.0, 'effect_model__n_estimators': 150, 'effect_model__max_depth': 3, 'effect_model__learning_rate': 0.05, 'effect_model__l2_leaf_reg': 5.0}",0.043756005490734384,0.05256444660040528,0.0466619936811615,0.04766081525743373,0.0036647321049480333,12
31,28.17376184463501,1.3642073721719303,0.2402331829071045,0.041622092322326935,50,3,0.01,10.0,300,5,0.1,4.0,0.0,50,6,0.05,15.0,"{'propensity_model__n_estimators': 50, 'propensity_model__max_depth': 3, 'propensity_model__learning_rate': 0.01, 'propensity_model__l2_leaf_reg': 10.0, 'outcome_model__n_estimators': 300, 'outcome_model__max_depth': 5, 'outcome_model__learning_rate': 0.1, 'outcome_model__l2_leaf_reg': 4.0, 'effect_model__random_strength': 0.0, 'effect_model__n_estimators': 50, 'effect_model__max_depth': 6, 'effect_model__learning_rate': 0.05, 'effect_model__l2_leaf_reg': 15.0}",0.05127092668859706,0.044079725531818575,0.037107755504065254,0.04415280257482696,0.005782321315368605,74
32,34.51340373357137,1.128135780574677,0.1583715279897054,0.0514105483157659,150,4,0.04,15.0,200,8,0.08000000000000002,9.0,0.0,150,4,0.05,15.0,"{'propensity_model__n_estimators': 150, 'propensity_model__max_depth': 4, 'propensity_model__learning_rate': 0.04, 'propensity_model__l2_leaf_reg': 15.0, 'outcome_model__n_estimators': 200, 'outcome_model__max_depth': 8, 'outcome_model__learning_rate': 0.08000000000000002, 'outcome_model__l2_leaf_reg': 9.0, 'effect_model__random_strength': 0.0, 'effect_model__n_estimators': 150, 'effect_model__max_depth': 4, 'effect_model__learning_rate': 0.05, 'effect_model__l2_leaf_reg': 15.0}",0.039984844262135055,0.05523058417347984,0.04790022730202759,0.04770521857921416,0.006225574547117335,11
33,25.418663183848064,0.743988641255012,0.1842068831125895,0.034651583616356896,150,3,0.04,30.0,250,5,0.060000000000000005,3.0,1.5,50,4,0.05,5.0,"{'propensity_model__n_estimators': 150, 'propensity_model__max_depth': 3, 'propensity_model__learning_rate': 0.04, 'propensity_model__l2_leaf_reg': 30.0, 'outcome_model__n_estimators': 250, 'outcome_model__max_depth': 5, 'outcome_model__learning_rate': 0.060000000000000005, 'outcome_model__l2_leaf_reg': 3.0, 'effect_model__random_strength': 1.5, 'effect_model__n_estimators': 50, 'effect_model__max_depth': 4, 'effect_model__learning_rate': 0.05, 'effect_model__l2_leaf_reg': 5.0}",0.0463966621848631,0.05385751199704687,0.0408601668167355,0.04703811366621516,0.0053254946835161,22
34,22.707796653111775,0.3023572666683742,0.17615811030069986,0.07235970550507853,150,4,0.01,15.0,200,5,0.03,9.0,1.5,50,5,0.02,5.0,"{'propensity_model__n_estimators': 150, 'propensity_model__max_depth': 4, 'propensity_model__learning_rate': 0.01, 'propensity_model__l2_leaf_reg': 15.0, 'outcome_model__n_estimators': 200, 'outcome_model__max_depth': 5, 'outcome_model__learning_rate': 0.03, 'outcome_model__l2_leaf_reg': 9.0, 'effect_model__random_strength': 1.5, 'effect_model__n_estimators': 50, 'effect_model__max_depth': 5, 'effect_model__learning_rate': 0.02, 'effect_model__l2_leaf_reg': 5.0}",0.04378179806419591,0.04537355584082156,0.03917429812519979,0.042776550676739085,0.0026287628000849356,90
35,32.4961371421814,0.2561668499582823,0.19090032577514648,0.032381182030344714,150,4,0.02,20.0,250,6,0.05,4.0,1.5,100,6,0.02,15.0,"{'propensity_model__n_estimators': 150, 'propensity_model__max_depth': 4, 'propensity_model__learning_rate': 0.02, 'propensity_model__l2_leaf_reg': 20.0, 'outcome_model__n_estimators': 250, 'outcome_model__max_depth': 6, 'outcome_model__learning_rate': 0.05, 'outcome_model__l2_leaf_reg': 4.0, 'effect_model__random_strength': 1.5, 'effect_model__n_estimators': 100, 'effect_model__max_depth': 6, 'effect_model__learning_rate': 0.02, 'effect_model__l2_leaf_reg': 15.0}",0.040390478949800995,0.05224543396748052,0.04274576433344096,0.04512722575024083,0.005124354169231543,56
36,32.131988525390625,0.46020230725005745,0.18972929318745932,0.06803042210256713,50,3,0.04,30.0,200,8,0.060000000000000005,10.0,0.5,200,3,0.04,10.0,"{'propensity_model__n_estimators': 50, 'propensity_model__max_depth': 3, 'propensity_model__learning_rate': 0.04, 'propensity_model__l2_leaf_reg': 30.0, 'outcome_model__n_estimators': 200, 'outcome_model__max_depth': 8, 'outcome_model__learning_rate': 0.060000000000000005, 'outcome_model__l2_leaf_reg': 10.0, 'effect_model__random_strength': 0.5, 'effect_model__n_estimators': 200, 'effect_model__max_depth': 3, 'effect_model__learning_rate': 0.04, 'effect_model__l2_leaf_reg': 10.0}",0.04423123983452429,0.053615562336670544,0.03512309618910989,0.044323299453434904,0.0075497983321739445,70
37,30.778970162073772,0.16516158142512596,0.18380093574523926,0.04012676951225364,150,4,0.05,10.0,250,6,0.09000000000000001,2.0,2.0,50,5,0.01,15.0,"{'propensity_model__n_estimators': 150, 'propensity_model__max_depth': 4, 'propensity_model__learning_rate': 0.05, 'propensity_model__l2_leaf_reg': 10.0, 'outcome_model__n_estimators': 250, 'outcome_model__max_depth': 6, 'outcome_model__learning_rate': 0.09000000000000001, 'outcome_model__l2_leaf_reg': 2.0, 'effect_model__random_strength': 2.0, 'effect_model__n_estimators': 50, 'effect_model__max_depth': 5, 'effect_model__learning_rate': 0.01, 'effect_model__l2_leaf_reg': 15.0}",0.0482664170307191,0.05888908970419905,0.03630734511787734,0.0478209506175985,0.009224338364145922,9
38,30.474725087483723,0.16196261358536798,0.1740755240122477,0.03531338907152894,100,3,0.02,30.0,200,8,0.09000000000000001,2.0,1.5,50,3,0.04,10.0,"{'propensity_model__n_estimators': 100, 'propensity_model__max_depth': 3, 'propensity_model__learning_rate': 0.02, 'propensity_model__l2_leaf_reg': 30.0, 'outcome_model__n_estimators': 200, 'outcome_model__max_depth': 8, 'outcome_model__learning_rate': 0.09000000000000001, 'outcome_model__l2_leaf_reg': 2.0, 'effect_model__random_strength': 1.5, 'effect_model__n_estimators': 50, 'effect_model__max_depth': 3, 'effect_model__learning_rate': 0.04, 'effect_model__l2_leaf_reg': 10.0}",0.04268934822795459,0.05226876250591288,0.04389207513127402,0.04628339528838049,0.004260680974329931,33
39,38.74314006169637,0.27900622609391873,0.15933028856913248,0.04071588636382415,150,5,0.03,20.0,200,8,0.09000000000000001,6.0,1.5,150,5,0.02,10.0,"{'propensity_model__n_estimators': 150, 'propensity_model__max_depth': 5, 'propensity_model__learning_rate': 0.03, 'propensity_model__l2_leaf_reg': 20.0, 'outcome_model__n_estimators': 200, 'outcome_model__max_depth': 8, 'outcome_model__learning_rate': 0.09000000000000001, 'outcome_model__l2_leaf_reg': 6.0, 'effect_model__random_strength': 1.5, 'effect_model__n_estimators': 150, 'effect_model__max_depth': 5, 'effect_model__learning_rate': 0.02, 'effect_model__l2_leaf_reg': 10.0}",0.04075847942647148,0.05757705553089962,0.04087054185777367,0.046402025605048254,0.007902071875142724,30
40,40.89990361531576,0.4223414540892558,0.17329748471577963,0.05792716145672772,100,3,0.02,10.0,250,8,0.09000000000000001,3.0,0.0,200,3,0.03,5.0,"{'propensity_model__n_estimators': 100, 'propensity_model__max_depth': 3, 'propensity_model__learning_rate': 0.02, 'propensity_model__l2_leaf_reg': 10.0, 'outcome_model__n_estimators': 250, 'outcome_model__max_depth': 8, 'outcome_model__learning_rate': 0.09000000000000001, 'outcome_model__l2_leaf_reg': 3.0, 'effect_model__random_strength': 0.0, 'effect_model__n_estimators': 200, 'effect_model__max_depth': 3, 'effect_model__learning_rate': 0.03, 'effect_model__l2_leaf_reg': 5.0}",0.04359416569222302,0.05312729854090763,0.04503293794605823,0.04725146739306296,0.004196153807006897,19
41,20.93444498380025,0.9635705190958843,0.1957115332285563,0.06316053837249402,100,3,0.04,15.0,200,5,0.08000000000000002,3.0,2.0,50,4,0.03,15.0,"{'propensity_model__n_estimators': 100, 'propensity_model__max_depth': 3, 'propensity_model__learning_rate': 0.04, 'propensity_model__l2_leaf_reg': 15.0, 'outcome_model__n_estimators': 200, 'outcome_model__max_depth': 5, 'outcome_model__learning_rate': 0.08000000000000002, 'outcome_model__l2_leaf_reg': 3.0, 'effect_model__random_strength': 2.0, 'effect_model__n_estimators': 50, 'effect_model__max_depth': 4, 'effect_model__learning_rate': 0.03, 'effect_model__l2_leaf_reg': 15.0}",0.03942871051753383,0.05358086568497741,0.04355929642911094,0.04552295754387406,0.005942101070669342,43
42,33.89051206906637,0.41514078773392915,0.12448080380757649,0.024293511030676524,100,5,0.05,10.0,300,7,0.060000000000000005,7.0,1.5,50,4,0.04,5.0,"{'propensity_model__n_estimators': 100, 'propensity_model__max_depth': 5, 'propensity_model__learning_rate': 0.05, 'propensity_model__l2_leaf_reg': 10.0, 'outcome_model__n_estimators': 300, 'outcome_model__max_depth': 7, 'outcome_model__learning_rate': 0.060000000000000005, 'outcome_model__l2_leaf_reg': 7.0, 'effect_model__random_strength': 1.5, 'effect_model__n_estimators': 50, 'effect_model__max_depth': 4, 'effect_model__learning_rate': 0.04, 'effect_model__l2_leaf_reg': 5.0}",0.04117306099621473,0.051720869859264273,0.03311001226487581,0.04200131437345161,0.007620389659430367,98
43,12.94450863202413,2.374574035695918,0.1921385129292806,0.017275182827212417,50,5,0.03,15.0,150,7,0.07,8.0,0.0,50,6,0.01,15.0,"{'propensity_model__n_estimators': 50, 'propensity_model__max_depth': 5, 'propensity_model__learning_rate': 0.03, 'propensity_model__l2_leaf_reg': 15.0, 'outcome_model__n_estimators': 150, 'outcome_model__max_depth': 7, 'outcome_model__learning_rate': 0.07, 'outcome_model__l2_leaf_reg': 8.0, 'effect_model__random_strength': 0.0, 'effect_model__n_estimators': 50, 'effect_model__max_depth': 6, 'effect_model__learning_rate': 0.01, 'effect_model__l2_leaf_reg': 15.0}",0.03525558352239361,0.05677037519566552,0.04215484449955384,0.04472693440587099,0.008969700851596875,62
44,10.496650457382202,0.024859178024748706,0.11588271458943684,0.010596823650835696,50,4,0.01,20.0,150,6,0.03,8.0,1.0,150,3,0.03,10.0,"{'propensity_model__n_estimators': 50, 'propensity_model__max_depth': 4, 'propensity_model__learning_rate': 0.01, 'propensity_model__l2_leaf_reg': 20.0, 'outcome_model__n_estimators': 150, 'outcome_model__max_depth': 6, 'outcome_model__learning_rate': 0.03, 'outcome_model__l2_leaf_reg': 8.0, 'effect_model__random_strength': 1.0, 'effect_model__n_estimators': 150, 'effect_model__max_depth': 3, 'effect_model__learning_rate': 0.03, 'effect_model__l2_leaf_reg': 10.0}",0.04784677520241071,0.04678734746251689,0.04262654426904598,0.04575355564465786,0.002253034530201242,39
45,40.71305243174235,0.4827399888462284,0.18088483810424805,0.06842997219196763,150,4,0.01,25.0,300,7,0.05,6.0,1.5,200,3,0.03,10.0,"{'propensity_model__n_estimators': 150, 'propensity_model__max_depth': 4, 'propensity_model__learning_rate': 0.01, 'propensity_model__l2_leaf_reg': 25.0, 'outcome_model__n_estimators': 300, 'outcome_model__max_depth': 7, 'outcome_model__learning_rate': 0.05, 'outcome_model__l2_leaf_reg': 6.0, 'effect_model__random_strength': 1.5, 'effect_model__n_estimators': 200, 'effect_model__max_depth': 3, 'effect_model__learning_rate': 0.03, 'effect_model__l2_leaf_reg': 10.0}",0.04487745814533384,0.0519730104223146,0.04047147762916445,0.04577398206560429,0.004738081925750821,38
46,29.64656933148702,1.2198294356775046,0.190000851949056,0.054343247667716754,150,5,0.05,20.0,250,5,0.03,9.0,0.5,100,6,0.02,5.0,"{'propensity_model__n_estimators': 150, 'propensity_model__max_depth': 5, 'propensity_model__learning_rate': 0.05, 'propensity_model__l2_leaf_reg': 20.0, 'outcome_model__n_estimators': 250, 'outcome_model__max_depth': 5, 'outcome_model__learning_rate': 0.03, 'outcome_model__l2_leaf_reg': 9.0, 'effect_model__random_strength': 0.5, 'effect_model__n_estimators': 100, 'effect_model__max_depth': 6, 'effect_model__learning_rate': 0.02, 'effect_model__l2_leaf_reg': 5.0}",0.03738817504800862,0.047941859256436015,0.042712752331209025,0.04268092887855122,0.004308582299079109,92
47,25.57551034291585,1.4878590878066282,0.11250829696655273,0.023950225187239955,100,3,0.05,20.0,300,5,0.05,3.0,1.0,50,4,0.03,15.0,"{'propensity_model__n_estimators': 100, 'propensity_model__max_depth': 3, 'propensity_model__learning_rate': 0.05, 'propensity_model__l2_leaf_reg': 20.0, 'outcome_model__n_estimators': 300, 'outcome_model__max_depth': 5, 'outcome_model__learning_rate': 0.05, 'outcome_model__l2_leaf_reg': 3.0, 'effect_model__random_strength': 1.0, 'effect_model__n_estimators': 50, 'effect_model__max_depth': 4, 'effect_model__learning_rate': 0.03, 'effect_model__l2_leaf_reg': 15.0}",0.04545668253250257,0.052667860155976715,0.039619568095677016,0.04591470359471877,0.005336779234257011,35
48,14.833884080251059,0.2768001315510529,0.10545237859090169,0.0029780707171291,100,4,0.03,25.0,150,8,0.1,2.0,0.5,50,6,0.01,5.0,"{'propensity_model__n_estimators': 100, 'propensity_model__max_depth': 4, 'propensity_model__learning_rate': 0.03, 'propensity_model__l2_leaf_reg': 25.0, 'outcome_model__n_estimators': 150, 'outcome_model__max_depth': 8, 'outcome_model__learning_rate': 0.1, 'outcome_model__l2_leaf_reg': 2.0, 'effect_model__random_strength': 0.5, 'effect_model__n_estimators': 50, 'effect_model__max_depth': 6, 'effect_model__learning_rate': 0.01, 'effect_model__l2_leaf_reg': 5.0}",0.04070647043160419,0.048328008336275735,0.0436972935213151,0.044243924096398345,0.0031353961735106836,71
49,29.941561778386433,0.12390792181538125,0.1498091220855713,0.058692470880014856,100,4,0.02,25.0,250,7,0.060000000000000005,10.0,2.0,100,6,0.02,10.0,"{'propensity_model__n_estimators': 100, 'propensity_model__max_depth': 4, 'propensity_model__learning_rate': 0.02, 'propensity_model__l2_leaf_reg': 25.0, 'outcome_model__n_estimators': 250, 'outcome_model__max_depth': 7, 'outcome_model__learning_rate': 0.060000000000000005, 'outcome_model__l2_leaf_reg': 10.0, 'effect_model__random_strength': 2.0, 'effect_model__n_estimators': 100, 'effect_model__max_depth': 6, 'effect_model__learning_rate': 0.02, 'effect_model__l2_leaf_reg': 10.0}",0.04831272107614057,0.05534791020809664,0.0401752309955945,0.04794528742661056,0.006199666885485532,8
50,20.149200836817425,1.471378353278105,0.19349455833435059,0.0635037610936917,150,4,0.04,25.0,150,5,0.05,5.0,0.0,200,4,0.02,10.0,"{'propensity_model__n_estimators': 150, 'propensity_model__max_depth': 4, 'propensity_model__learning_rate': 0.04, 'propensity_model__l2_leaf_reg': 25.0, 'outcome_model__n_estimators': 150, 'outcome_model__max_depth': 5, 'outcome_model__learning_rate': 0.05, 'outcome_model__l2_leaf_reg': 5.0, 'effect_model__random_strength': 0.0, 'effect_model__n_estimators': 200, 'effect_model__max_depth': 4, 'effect_model__learning_rate': 0.02, 'effect_model__l2_leaf_reg': 10.0}",0.04185135466004744,0.05697494852436512,0.042836600868238955,0.04722096801755051,0.006908824276154785,20
51,23.719008922576904,0.38139558724349565,0.18584895133972168,0.026311864147326006,150,5,0.03,20.0,200,5,0.03,1.0,1.5,150,4,0.01,15.0,"{'propensity_model__n_estimators': 150, 'propensity_model__max_depth': 5, 'propensity_model__learning_rate': 0.03, 'propensity_model__l2_leaf_reg': 20.0, 'outcome_model__n_estimators': 200, 'outcome_model__max_depth': 5, 'outcome_model__learning_rate': 0.03, 'outcome_model__l2_leaf_reg': 1.0, 'effect_model__random_strength': 1.5, 'effect_model__n_estimators': 150, 'effect_model__max_depth': 4, 'effect_model__learning_rate': 0.01, 'effect_model__l2_leaf_reg': 15.0}",0.04494512757428065,0.057109987032983436,0.03194205906014605,0.044665724555803386,0.01027666285479008,64
52,12.569352070490519,0.8466875535163618,0.10094642639160156,0.020612920144213405,100,3,0.05,10.0,150,5,0.04,1.0,1.0,150,3,0.02,15.0,"{'propensity_model__n_estimators': 100, 'propensity_model__max_depth': 3, 'propensity_model__learning_rate': 0.05, 'propensity_model__l2_leaf_reg': 10.0, 'outcome_model__n_estimators': 150, 'outcome_model__max_depth': 5, 'outcome_model__learning_rate': 0.04, 'outcome_model__l2_leaf_reg': 1.0, 'effect_model__random_strength': 1.0, 'effect_model__n_estimators': 150, 'effect_model__max_depth': 3, 'effect_model__learning_rate': 0.02, 'effect_model__l2_leaf_reg': 15.0}",0.04154574861517407,0.05636702377013017,0.0362566956349884,0.044723156006764214,0.008511884347775856,63
53,40.20818599065145,0.8138702373044193,0.19263219833374023,0.02117993234301315,100,3,0.03,15.0,300,6,0.1,7.0,0.0,200,5,0.02,5.0,"{'propensity_model__n_estimators': 100, 'propensity_model__max_depth': 3, 'propensity_model__learning_rate': 0.03, 'propensity_model__l2_leaf_reg': 15.0, 'outcome_model__n_estimators': 300, 'outcome_model__max_depth': 6, 'outcome_model__learning_rate': 0.1, 'outcome_model__l2_leaf_reg': 7.0, 'effect_model__random_strength': 0.0, 'effect_model__n_estimators': 200, 'effect_model__max_depth': 5, 'effect_model__learning_rate': 0.02, 'effect_model__l2_leaf_reg': 5.0}",0.04248590311249642,0.056922366062094054,0.04303210857332007,0.04748012591597018,0.006680394665694705,16
54,27.501694202423096,1.999106220531893,0.20586427052815756,0.015864891358125226,50,4,0.02,30.0,250,7,0.05,3.0,2.0,100,5,0.01,10.0,"{'propensity_model__n_estimators': 50, 'propensity_model__max_depth': 4, 'propensity_model__learning_rate': 0.02, 'propensity_model__l2_leaf_reg': 30.0, 'outcome_model__n_estimators': 250, 'outcome_model__max_depth': 7, 'outcome_model__learning_rate': 0.05, 'outcome_model__l2_leaf_reg': 3.0, 'effect_model__random_strength': 2.0, 'effect_model__n_estimators': 100, 'effect_model__max_depth': 5, 'effect_model__learning_rate': 0.01, 'effect_model__l2_leaf_reg': 10.0}",0.0439380461796402,0.05526359911162593,0.0359031985055063,0.04503494793225748,0.007941816458826467,58
55,15.329505999883017,0.22234621733665758,0.1816387971242269,0.08171926322797499,50,4,0.04,25.0,100,8,0.04,9.0,1.5,200,3,0.04,5.0,"{'propensity_model__n_estimators': 50, 'propensity_model__max_depth': 4, 'propensity_model__learning_rate': 0.04, 'propensity_model__l2_leaf_reg': 25.0, 'outcome_model__n_estimators': 100, 'outcome_model__max_depth': 8, 'outcome_model__learning_rate': 0.04, 'outcome_model__l2_leaf_reg': 9.0, 'effect_model__random_strength': 1.5, 'effect_model__n_estimators': 200, 'effect_model__max_depth': 3, 'effect_model__learning_rate': 0.04, 'effect_model__l2_leaf_reg': 5.0}",0.04149893663875023,0.05459441931788718,0.039825660816432795,0.04530633892435674,0.00660309478158545,50
56,35.330613136291504,1.5828910227810415,0.2150131861368815,0.04587958622191796,100,5,0.02,25.0,300,8,0.03,7.0,0.5,50,3,0.01,10.0,"{'propensity_model__n_estimators': 100, 'propensity_model__max_depth': 5, 'propensity_model__learning_rate': 0.02, 'propensity_model__l2_leaf_reg': 25.0, 'outcome_model__n_estimators': 300, 'outcome_model__max_depth': 8, 'outcome_model__learning_rate': 0.03, 'outcome_model__l2_leaf_reg': 7.0, 'effect_model__random_strength': 0.5, 'effect_model__n_estimators': 50, 'effect_model__max_depth': 3, 'effect_model__learning_rate': 0.01, 'effect_model__l2_leaf_reg': 10.0}",0.042347782103953874,0.05386719020872341,0.03701193439138245,0.04440896890135324,0.007033788947043723,67
57,30.34174068768819,2.6687134857985164,0.2027418613433838,0.030781947035883446,50,5,0.01,10.0,250,6,0.1,4.0,2.0,200,3,0.01,10.0,"{'propensity_model__n_estimators': 50, 'propensity_model__max_depth': 5, 'propensity_model__learning_rate': 0.01, 'propensity_model__l2_leaf_reg': 10.0, 'outcome_model__n_estimators': 250, 'outcome_model__max_depth': 6, 'outcome_model__learning_rate': 0.1, 'outcome_model__l2_leaf_reg': 4.0, 'effect_model__random_strength': 2.0, 'effect_model__n_estimators': 200, 'effect_model__max_depth': 3, 'effect_model__learning_rate': 0.01, 'effect_model__l2_leaf_reg': 10.0}",0.050248172274002995,0.051882613510520495,0.04473602522832559,0.0489556036709497,0.00305739335752977,4
58,15.41601300239563,0.7606734803218203,0.1972664992014567,0.04139679950269971,150,3,0.05,20.0,150,7,0.060000000000000005,10.0,2.0,150,3,0.04,15.0,"{'propensity_model__n_estimators': 150, 'propensity_model__max_depth': 3, 'propensity_model__learning_rate': 0.05, 'propensity_model__l2_leaf_reg': 20.0, 'outcome_model__n_estimators': 150, 'outcome_model__max_depth': 7, 'outcome_model__learning_rate': 0.060000000000000005, 'outcome_model__l2_leaf_reg': 10.0, 'effect_model__random_strength': 2.0, 'effect_model__n_estimators': 150, 'effect_model__max_depth': 3, 'effect_model__learning_rate': 0.04, 'effect_model__l2_leaf_reg': 15.0}",0.04514782669698966,0.05402927036882986,0.037432323113316956,0.045536473393045486,0.006781246160863339,42
59,38.669106245040894,0.35855746696709384,0.12213834126790364,0.014769611106794246,50,4,0.02,10.0,300,8,0.03,4.0,0.5,50,6,0.04,5.0,"{'propensity_model__n_estimators': 50, 'propensity_model__max_depth': 4, 'propensity_model__learning_rate': 0.02, 'propensity_model__l2_leaf_reg': 10.0, 'outcome_model__n_estimators': 300, 'outcome_model__max_depth': 8, 'outcome_model__learning_rate': 0.03, 'outcome_model__l2_leaf_reg': 4.0, 'effect_model__random_strength': 0.5, 'effect_model__n_estimators': 50, 'effect_model__max_depth': 6, 'effect_model__learning_rate': 0.04, 'effect_model__l2_leaf_reg': 5.0}",0.054507689849121244,0.045237919913130406,0.04096369344173294,0.04690310106799486,0.005653292897637838,23
60,41.925528605779014,1.8345671665357475,0.1882647673288981,0.08514085422796648,50,4,0.02,30.0,250,7,0.07,3.0,1.5,200,5,0.02,10.0,"{'propensity_model__n_estimators': 50, 'propensity_model__max_depth': 4, 'propensity_model__learning_rate': 0.02, 'propensity_model__l2_leaf_reg': 30.0, 'outcome_model__n_estimators': 250, 'outcome_model__max_depth': 7, 'outcome_model__learning_rate': 0.07, 'outcome_model__l2_leaf_reg': 3.0, 'effect_model__random_strength': 1.5, 'effect_model__n_estimators': 200, 'effect_model__max_depth': 5, 'effect_model__learning_rate': 0.02, 'effect_model__l2_leaf_reg': 10.0}",0.04516031404914665,0.05302151474956926,0.03806504070280134,0.045415623167172424,0.006108623196608813,47
61,42.5573722521464,0.3898444032131516,0.2662680149078369,0.045223586748238585,50,3,0.04,15.0,300,8,0.09000000000000001,1.0,1.0,100,4,0.04,10.0,"{'propensity_model__n_estimators': 50, 'propensity_model__max_depth': 3, 'propensity_model__learning_rate': 0.04, 'propensity_model__l2_leaf_reg': 15.0, 'outcome_model__n_estimators': 300, 'outcome_model__max_depth': 8, 'outcome_model__learning_rate': 0.09000000000000001, 'outcome_model__l2_leaf_reg': 1.0, 'effect_model__random_strength': 1.0, 'effect_model__n_estimators': 100, 'effect_model__max_depth': 4, 'effect_model__learning_rate': 0.04, 'effect_model__l2_leaf_reg': 10.0}",0.04243740862337628,0.05608997559563203,0.037394547380664195,0.04530731053322417,0.007897552859984131,49
62,27.30069859822591,0.6284754655019495,0.2009563446044922,0.056750226438185586,50,3,0.05,15.0,200,8,0.03,4.0,0.5,100,4,0.05,10.0,"{'propensity_model__n_estimators': 50, 'propensity_model__max_depth': 3, 'propensity_model__learning_rate': 0.05, 'propensity_model__l2_leaf_reg': 15.0, 'outcome_model__n_estimators': 200, 'outcome_model__max_depth': 8, 'outcome_model__learning_rate': 0.03, 'outcome_model__l2_leaf_reg': 4.0, 'effect_model__random_strength': 0.5, 'effect_model__n_estimators': 100, 'effect_model__max_depth': 4, 'effect_model__learning_rate': 0.05, 'effect_model__l2_leaf_reg': 10.0}",0.038962553852400134,0.049789316166739817,0.0405050463269358,0.04308563878202525,0.004781860768728002,83
63,38.34521849950155,0.5312409345195287,0.2676209608713786,0.016330958163200675,100,3,0.01,30.0,300,6,0.07,1.0,0.5,150,5,0.02,15.0,"{'propensity_model__n_estimators': 100, 'propensity_model__max_depth': 3, 'propensity_model__learning_rate': 0.01, 'propensity_model__l2_leaf_reg': 30.0, 'outcome_model__n_estimators': 300, 'outcome_model__max_depth': 6, 'outcome_model__learning_rate': 0.07, 'outcome_model__l2_leaf_reg': 1.0, 'effect_model__random_strength': 0.5, 'effect_model__n_estimators': 150, 'effect_model__max_depth': 5, 'effect_model__learning_rate': 0.02, 'effect_model__l2_leaf_reg': 15.0}",0.04578751108776341,0.0540687675458317,0.042619507229502224,0.04749192862103244,0.004827019079691277,15
64,36.53740628560384,1.2429559694728554,0.18393341700236002,0.07093291601274629,50,5,0.04,25.0,300,7,0.04,6.0,2.0,200,3,0.05,5.0,"{'propensity_model__n_estimators': 50, 'propensity_model__max_depth': 5, 'propensity_model__learning_rate': 0.04, 'propensity_model__l2_leaf_reg': 25.0, 'outcome_model__n_estimators': 300, 'outcome_model__max_depth': 7, 'outcome_model__learning_rate': 0.04, 'outcome_model__l2_leaf_reg': 6.0, 'effect_model__random_strength': 2.0, 'effect_model__n_estimators': 200, 'effect_model__max_depth': 3, 'effect_model__learning_rate': 0.05, 'effect_model__l2_leaf_reg': 5.0}",0.03950275242648124,0.04630280719170528,0.045813705290785225,0.04387308830299058,0.003096738275723819,75
65,11.511060078938803,0.7999085933596943,0.1837650934855143,0.038123144795467766,100,3,0.02,10.0,150,6,0.08000000000000002,9.0,0.0,50,5,0.01,10.0,"{'propensity_model__n_estimators': 100, 'propensity_model__max_depth': 3, 'propensity_model__learning_rate': 0.02, 'propensity_model__l2_leaf_reg': 10.0, 'outcome_model__n_estimators': 150, 'outcome_model__max_depth': 6, 'outcome_model__learning_rate': 0.08000000000000002, 'outcome_model__l2_leaf_reg': 9.0, 'effect_model__random_strength': 0.0, 'effect_model__n_estimators': 50, 'effect_model__max_depth': 5, 'effect_model__learning_rate': 0.01, 'effect_model__l2_leaf_reg': 10.0}",0.03618616836448582,0.050779262831892685,0.039672710252651816,0.04221271381634344,0.00622244941649936,97
66,26.104075113932293,0.3786816899698264,0.21231476465861002,0.030417050962664186,50,5,0.01,30.0,250,6,0.07,5.0,1.5,100,5,0.05,15.0,"{'propensity_model__n_estimators': 50, 'propensity_model__max_depth': 5, 'propensity_model__learning_rate': 0.01, 'propensity_model__l2_leaf_reg': 30.0, 'outcome_model__n_estimators': 250, 'outcome_model__max_depth': 6, 'outcome_model__learning_rate': 0.07, 'outcome_model__l2_leaf_reg': 5.0, 'effect_model__random_strength': 1.5, 'effect_model__n_estimators': 100, 'effect_model__max_depth': 5, 'effect_model__learning_rate': 0.05, 'effect_model__l2_leaf_reg': 15.0}",0.0498114117446504,0.042062192100532,0.044770883841421374,0.045548162562201254,0.0032109939199081367,41
67,12.367959896723429,1.1204637773291548,0.22952047983805338,0.016354600181004986,100,5,0.02,10.0,100,8,0.060000000000000005,9.0,1.0,50,3,0.03,10.0,"{'propensity_model__n_estimators': 100, 'propensity_model__max_depth': 5, 'propensity_model__learning_rate': 0.02, 'propensity_model__l2_leaf_reg': 10.0, 'outcome_model__n_estimators': 100, 'outcome_model__max_depth': 8, 'outcome_model__learning_rate': 0.060000000000000005, 'outcome_model__l2_leaf_reg': 9.0, 'effect_model__random_strength': 1.0, 'effect_model__n_estimators': 50, 'effect_model__max_depth': 3, 'effect_model__learning_rate': 0.03, 'effect_model__l2_leaf_reg': 10.0}",0.04035029776342,0.054577334809892936,0.042991025680308576,0.045972886084540504,0.006179037917732985,34
68,21.260947863260906,0.6133467066299431,0.1652501424153646,0.10936059580027006,50,4,0.05,15.0,200,5,0.07,2.0,1.5,150,3,0.03,5.0,"{'propensity_model__n_estimators': 50, 'propensity_model__max_depth': 4, 'propensity_model__learning_rate': 0.05, 'propensity_model__l2_leaf_reg': 15.0, 'outcome_model__n_estimators': 200, 'outcome_model__max_depth': 5, 'outcome_model__learning_rate': 0.07, 'outcome_model__l2_leaf_reg': 2.0, 'effect_model__random_strength': 1.5, 'effect_model__n_estimators': 150, 'effect_model__max_depth': 3, 'effect_model__learning_rate': 0.03, 'effect_model__l2_leaf_reg': 5.0}",0.03987358898694787,0.0554087715867074,0.044970401509951935,0.046750920694535736,0.006465970462195191,25
69,14.963477611541748,0.9743797015168881,0.19705533981323242,0.041652118321723205,150,4,0.02,10.0,150,6,0.08000000000000002,2.0,0.0,100,5,0.01,5.0,"{'propensity_model__n_estimators': 150, 'propensity_model__max_depth': 4, 'propensity_model__learning_rate': 0.02, 'propensity_model__l2_leaf_reg': 10.0, 'outcome_model__n_estimators': 150, 'outcome_model__max_depth': 6, 'outcome_model__learning_rate': 0.08000000000000002, 'outcome_model__l2_leaf_reg': 2.0, 'effect_model__random_strength': 0.0, 'effect_model__n_estimators': 100, 'effect_model__max_depth': 5, 'effect_model__learning_rate': 0.01, 'effect_model__l2_leaf_reg': 5.0}",0.03650759159233735,0.05672145419149413,0.03746099152224319,0.04356334576869156,0.009312325373978192,78
70,21.732019821802776,0.7722301885680405,0.22455588976542154,0.02195619203396186,150,5,0.01,15.0,200,5,0.060000000000000005,5.0,0.0,50,3,0.03,10.0,"{'propensity_model__n_estimators': 150, 'propensity_model__max_depth': 5, 'propensity_model__learning_rate': 0.01, 'propensity_model__l2_leaf_reg': 15.0, 'outcome_model__n_estimators': 200, 'outcome_model__max_depth': 5, 'outcome_model__learning_rate': 0.060000000000000005, 'outcome_model__l2_leaf_reg': 5.0, 'effect_model__random_strength': 0.0, 'effect_model__n_estimators': 50, 'effect_model__max_depth': 3, 'effect_model__learning_rate': 0.03, 'effect_model__l2_leaf_reg': 10.0}",0.04421128631776239,0.05484847440987263,0.03618170564856249,0.04508048879206583,0.00764542123117087,57
71,26.620486577351887,0.39905126176821654,0.17734861373901367,0.04681817468460028,50,5,0.01,30.0,300,5,0.05,10.0,2.0,50,6,0.04,5.0,"{'propensity_model__n_estimators': 50, 'propensity_model__max_depth': 5, 'propensity_model__learning_rate': 0.01, 'propensity_model__l2_leaf_reg': 30.0, 'outcome_model__n_estimators': 300, 'outcome_model__max_depth': 5, 'outcome_model__learning_rate': 0.05, 'outcome_model__l2_leaf_reg': 10.0, 'effect_model__random_strength': 2.0, 'effect_model__n_estimators': 50, 'effect_model__max_depth': 6, 'effect_model__learning_rate': 0.04, 'effect_model__l2_leaf_reg': 5.0}",0.04713053579596982,0.046908813885159856,0.04225955578995684,0.04543296849036218,0.002245766576880999,46
72,34.62313024202982,0.8989327975316201,0.23545622825622559,0.036950993353539734,150,5,0.05,30.0,200,8,0.1,4.0,1.5,50,5,0.04,10.0,"{'propensity_model__n_estimators': 150, 'propensity_model__max_depth': 5, 'propensity_model__learning_rate': 0.05, 'propensity_model__l2_leaf_reg': 30.0, 'outcome_model__n_estimators': 200, 'outcome_model__max_depth': 8, 'outcome_model__learning_rate': 0.1, 'outcome_model__l2_leaf_reg': 4.0, 'effect_model__random_strength': 1.5, 'effect_model__n_estimators': 50, 'effect_model__max_depth': 5, 'effect_model__learning_rate': 0.04, 'effect_model__l2_leaf_reg': 10.0}",0.04591326499875209,0.05495052489256712,0.032630012167908895,0.0444979340197427,0.009167103992283683,66
73,34.164093255996704,0.562157659042563,0.24236456553141275,0.024787857219892098,150,3,0.03,10.0,250,6,0.07,5.0,2.0,200,3,0.04,5.0,"{'propensity_model__n_estimators': 150, 'propensity_model__max_depth': 3, 'propensity_model__learning_rate': 0.03, 'propensity_model__l2_leaf_reg': 10.0, 'outcome_model__n_estimators': 250, 'outcome_model__max_depth': 6, 'outcome_model__learning_rate': 0.07, 'outcome_model__l2_leaf_reg': 5.0, 'effect_model__random_strength': 2.0, 'effect_model__n_estimators': 200, 'effect_model__max_depth': 3, 'effect_model__learning_rate': 0.04, 'effect_model__l2_leaf_reg': 5.0}",0.04027342866347025,0.05856667291147266,0.04723926593218253,0.04869312250237515,0.007538610414582938,5
74,34.485248724619545,2.6870255798473814,0.2047876516977946,0.04519003302909028,50,5,0.04,20.0,300,5,0.09000000000000001,2.0,1.0,200,4,0.02,5.0,"{'propensity_model__n_estimators': 50, 'propensity_model__max_depth': 5, 'propensity_model__learning_rate': 0.04, 'propensity_model__l2_leaf_reg': 20.0, 'outcome_model__n_estimators': 300, 'outcome_model__max_depth': 5, 'outcome_model__learning_rate': 0.09000000000000001, 'outcome_model__l2_leaf_reg': 2.0, 'effect_model__random_strength': 1.0, 'effect_model__n_estimators': 200, 'effect_model__max_depth': 4, 'effect_model__learning_rate': 0.02, 'effect_model__l2_leaf_reg': 5.0}",0.03891521654239605,0.05777223847963399,0.04453534735917464,0.04707426746040155,0.007904910100508368,21
75,28.530968983968098,0.9566933940225008,0.230955441792806,0.07575524944393947,150,3,0.03,15.0,250,5,0.03,1.0,1.0,200,3,0.03,15.0,"{'propensity_model__n_estimators': 150, 'propensity_model__max_depth': 3, 'propensity_model__learning_rate': 0.03, 'propensity_model__l2_leaf_reg': 15.0, 'outcome_model__n_estimators': 250, 'outcome_model__max_depth': 5, 'outcome_model__learning_rate': 0.03, 'outcome_model__l2_leaf_reg': 1.0, 'effect_model__random_strength': 1.0, 'effect_model__n_estimators': 200, 'effect_model__max_depth': 3, 'effect_model__learning_rate': 0.03, 'effect_model__l2_leaf_reg': 15.0}",0.04121202494661813,0.05828556252285068,0.039424883957885196,0.04630749047578467,0.008501142107659433,32
76,23.913051923116047,0.7514236647850813,0.19841869672139487,0.035983430126983,150,3,0.04,20.0,200,5,0.060000000000000005,4.0,0.0,150,3,0.04,10.0,"{'propensity_model__n_estimators': 150, 'propensity_model__max_depth': 3, 'propensity_model__learning_rate': 0.04, 'propensity_model__l2_leaf_reg': 20.0, 'outcome_model__n_estimators': 200, 'outcome_model__max_depth': 5, 'outcome_model__learning_rate': 0.060000000000000005, 'outcome_model__l2_leaf_reg': 4.0, 'effect_model__random_strength': 0.0, 'effect_model__n_estimators': 150, 'effect_model__max_depth': 3, 'effect_model__learning_rate': 0.04, 'effect_model__l2_leaf_reg': 10.0}",0.03973079341020849,0.053898572064513914,0.04178640461162142,0.04513859002878127,0.006250831854114164,54
77,33.32771762212118,0.24713769593020007,0.19881033897399902,0.05312179942538824,150,5,0.02,10.0,300,6,0.04,9.0,0.0,150,4,0.05,5.0,"{'propensity_model__n_estimators': 150, 'propensity_model__max_depth': 5, 'propensity_model__learning_rate': 0.02, 'propensity_model__l2_leaf_reg': 10.0, 'outcome_model__n_estimators': 300, 'outcome_model__max_depth': 6, 'outcome_model__learning_rate': 0.04, 'outcome_model__l2_leaf_reg': 9.0, 'effect_model__random_strength': 0.0, 'effect_model__n_estimators': 150, 'effect_model__max_depth': 4, 'effect_model__learning_rate': 0.05, 'effect_model__l2_leaf_reg': 5.0}",0.04200044781646414,0.05805429740183403,0.02847042189156271,0.04284172236995363,0.012092207675677466,88
78,15.05633536974589,1.9535960827452274,0.20109295845031738,0.04148663170109439,150,4,0.04,20.0,100,6,0.04,6.0,2.0,200,3,0.02,10.0,"{'propensity_model__n_estimators': 150, 'propensity_model__max_depth': 4, 'propensity_model__learning_rate': 0.04, 'propensity_model__l2_leaf_reg': 20.0, 'outcome_model__n_estimators': 100, 'outcome_model__max_depth': 6, 'outcome_model__learning_rate': 0.04, 'outcome_model__l2_leaf_reg': 6.0, 'effect_model__random_strength': 2.0, 'effect_model__n_estimators': 200, 'effect_model__max_depth': 3, 'effect_model__learning_rate': 0.02, 'effect_model__l2_leaf_reg': 10.0}",0.04466064259100619,0.05480837916225591,0.038019368381866314,0.045829463378376144,0.0069037346062717185,37
79,9.794557015101114,0.2598698760891437,0.17492914199829102,0.056011560140399055,50,3,0.04,25.0,150,5,0.07,10.0,0.5,100,6,0.05,5.0,"{'propensity_model__n_estimators': 50, 'propensity_model__max_depth': 3, 'propensity_model__learning_rate': 0.04, 'propensity_model__l2_leaf_reg': 25.0, 'outcome_model__n_estimators': 150, 'outcome_model__max_depth': 5, 'outcome_model__learning_rate': 0.07, 'outcome_model__l2_leaf_reg': 10.0, 'effect_model__random_strength': 0.5, 'effect_model__n_estimators': 100, 'effect_model__max_depth': 6, 'effect_model__learning_rate': 0.05, 'effect_model__l2_leaf_reg': 5.0}",0.04180479361633466,0.04126863237873718,0.04497493690166057,0.04268278763224414,0.0016355077546214287,91
80,39.744027296702065,0.07141119806059368,0.19005942344665527,0.024560167785490594,150,4,0.01,10.0,250,8,0.060000000000000005,5.0,0.5,150,5,0.04,10.0,"{'propensity_model__n_estimators': 150, 'propensity_model__max_depth': 4, 'propensity_model__learning_rate': 0.01, 'propensity_model__l2_leaf_reg': 10.0, 'outcome_model__n_estimators': 250, 'outcome_model__max_depth': 8, 'outcome_model__learning_rate': 0.060000000000000005, 'outcome_model__l2_leaf_reg': 5.0, 'effect_model__random_strength': 0.5, 'effect_model__n_estimators': 150, 'effect_model__max_depth': 5, 'effect_model__learning_rate': 0.04, 'effect_model__l2_leaf_reg': 10.0}",0.043134411543106016,0.058342536304430856,0.04112538143683739,0.04753410976145809,0.007686594987079872,14
81,35.57297865549723,1.2356722828415274,0.22183767954508463,0.03799867258831004,150,4,0.05,15.0,300,5,0.08000000000000002,9.0,0.0,200,4,0.01,15.0,"{'propensity_model__n_estimators': 150, 'propensity_model__max_depth': 4, 'propensity_model__learning_rate': 0.05, 'propensity_model__l2_leaf_reg': 15.0, 'outcome_model__n_estimators': 300, 'outcome_model__max_depth': 5, 'outcome_model__learning_rate': 0.08000000000000002, 'outcome_model__l2_leaf_reg': 9.0, 'effect_model__random_strength': 0.0, 'effect_model__n_estimators': 200, 'effect_model__max_depth': 4, 'effect_model__learning_rate': 0.01, 'effect_model__l2_leaf_reg': 15.0}",0.04454919873112376,0.0546529838302086,0.040601900290062165,0.04660136095046483,0.005917024279929436,27
82,21.817087173461914,1.3919394689767928,0.22254538536071777,0.026294263540154385,50,4,0.03,25.0,250,5,0.060000000000000005,8.0,1.5,50,3,0.05,10.0,"{'propensity_model__n_estimators': 50, 'propensity_model__max_depth': 4, 'propensity_model__learning_rate': 0.03, 'propensity_model__l2_leaf_reg': 25.0, 'outcome_model__n_estimators': 250, 'outcome_model__max_depth': 5, 'outcome_model__learning_rate': 0.060000000000000005, 'outcome_model__l2_leaf_reg': 8.0, 'effect_model__random_strength': 1.5, 'effect_model__n_estimators': 50, 'effect_model__max_depth': 3, 'effect_model__learning_rate': 0.05, 'effect_model__l2_leaf_reg': 10.0}",0.04678848283499448,0.04984892696757105,0.04383543600084454,0.046824281934470025,0.0024551279102275974,24
83,41.8355438709259,0.561035179311277,0.1535933017730713,0.03958232882350299,100,4,0.03,20.0,300,7,0.1,4.0,0.0,150,6,0.04,5.0,"{'propensity_model__n_estimators': 100, 'propensity_model__max_depth': 4, 'propensity_model__learning_rate': 0.03, 'propensity_model__l2_leaf_reg': 20.0, 'outcome_model__n_estimators': 300, 'outcome_model__max_depth': 7, 'outcome_model__learning_rate': 0.1, 'outcome_model__l2_leaf_reg': 4.0, 'effect_model__random_strength': 0.0, 'effect_model__n_estimators': 150, 'effect_model__max_depth': 6, 'effect_model__learning_rate': 0.04, 'effect_model__l2_leaf_reg': 5.0}",0.041754511559560115,0.05308517459938969,0.03292120337222629,0.0425869631770587,0.008252925367572212,93
84,19.308558225631714,2.7597912516825,0.1865990956624349,0.05574931212099465,150,5,0.04,25.0,150,7,0.060000000000000005,6.0,1.0,150,4,0.01,10.0,"{'propensity_model__n_estimators': 150, 'propensity_model__max_depth': 5, 'propensity_model__learning_rate': 0.04, 'propensity_model__l2_leaf_reg': 25.0, 'outcome_model__n_estimators': 150, 'outcome_model__max_depth': 7, 'outcome_model__learning_rate': 0.060000000000000005, 'outcome_model__l2_leaf_reg': 6.0, 'effect_model__random_strength': 1.0, 'effect_model__n_estimators': 150, 'effect_model__max_depth': 4, 'effect_model__learning_rate': 0.01, 'effect_model__l2_leaf_reg': 10.0}",0.04151286188776043,0.058285003431709004,0.036607816984143254,0.0454685607678709,0.009281191313375398,45
85,20.347178141276043,0.35042642154536324,0.1946263313293457,0.06076030074026181,150,4,0.05,30.0,100,8,0.08000000000000002,2.0,1.5,200,5,0.05,10.0,"{'propensity_model__n_estimators': 150, 'propensity_model__max_depth': 4, 'propensity_model__learning_rate': 0.05, 'propensity_model__l2_leaf_reg': 30.0, 'outcome_model__n_estimators': 100, 'outcome_model__max_depth': 8, 'outcome_model__learning_rate': 0.08000000000000002, 'outcome_model__l2_leaf_reg': 2.0, 'effect_model__random_strength': 1.5, 'effect_model__n_estimators': 200, 'effect_model__max_depth': 5, 'effect_model__learning_rate': 0.05, 'effect_model__l2_leaf_reg': 10.0}",0.04495442427725363,0.046186190997380666,0.04509333553328698,0.04541131693597376,0.000550845678657896,48
86,32.059624989827476,1.9857240674058891,0.24626056353251138,0.033656997566640416,150,5,0.05,10.0,250,6,0.09000000000000001,7.0,1.5,100,5,0.04,5.0,"{'propensity_model__n_estimators': 150, 'propensity_model__max_depth': 5, 'propensity_model__learning_rate': 0.05, 'propensity_model__l2_leaf_reg': 10.0, 'outcome_model__n_estimators': 250, 'outcome_model__max_depth': 6, 'outcome_model__learning_rate': 0.09000000000000001, 'outcome_model__l2_leaf_reg': 7.0, 'effect_model__random_strength': 1.5, 'effect_model__n_estimators': 100, 'effect_model__max_depth': 5, 'effect_model__learning_rate': 0.04, 'effect_model__l2_leaf_reg': 5.0}",0.038863786975119,0.05871442098214909,0.033066509356780543,0.04354823910468288,0.010982164677370012,79
87,24.29014054934184,0.23120577728813116,0.23134311040242514,0.019905094831063248,50,4,0.01,30.0,250,5,0.04,2.0,0.0,100,5,0.03,10.0,"{'propensity_model__n_estimators': 50, 'propensity_model__max_depth': 4, 'propensity_model__learning_rate': 0.01, 'propensity_model__l2_leaf_reg': 30.0, 'outcome_model__n_estimators': 250, 'outcome_model__max_depth': 5, 'outcome_model__learning_rate': 0.04, 'outcome_model__l2_leaf_reg': 2.0, 'effect_model__random_strength': 0.0, 'effect_model__n_estimators': 100, 'effect_model__max_depth': 5, 'effect_model__learning_rate': 0.03, 'effect_model__l2_leaf_reg': 10.0}",0.04966132738928343,0.048399710756998504,0.030357315609836427,0.04280611791870612,0.008817687842274907,89
88,33.070000886917114,1.0056801549939702,0.18764519691467285,0.021445243641076202,50,5,0.04,20.0,300,5,0.03,7.0,1.5,200,5,0.02,10.0,"{'propensity_model__n_estimators': 50, 'propensity_model__max_depth': 5, 'propensity_model__learning_rate': 0.04, 'propensity_model__l2_leaf_reg': 20.0, 'outcome_model__n_estimators': 300, 'outcome_model__max_depth': 5, 'outcome_model__learning_rate': 0.03, 'outcome_model__l2_leaf_reg': 7.0, 'effect_model__random_strength': 1.5, 'effect_model__n_estimators': 200, 'effect_model__max_depth': 5, 'effect_model__learning_rate': 0.02, 'effect_model__l2_leaf_reg': 10.0}",0.04247176881091419,0.051873639767441054,0.04485066879134676,0.04639869245656734,0.003991330381535965,31
89,14.360364198684692,0.5615244795972989,0.13670833905537924,0.05107887319064126,100,4,0.04,25.0,150,7,0.1,2.0,2.0,150,3,0.05,10.0,"{'propensity_model__n_estimators': 100, 'propensity_model__max_depth': 4, 'propensity_model__learning_rate': 0.04, 'propensity_model__l2_leaf_reg': 25.0, 'outcome_model__n_estimators': 150, 'outcome_model__max_depth': 7, 'outcome_model__learning_rate': 0.1, 'outcome_model__l2_leaf_reg': 2.0, 'effect_model__random_strength': 2.0, 'effect_model__n_estimators': 150, 'effect_model__max_depth': 3, 'effect_model__learning_rate': 0.05, 'effect_model__l2_leaf_reg': 10.0}",0.04401993355481726,0.05830937706816677,0.037128516979077375,0.04648594253402047,0.008821115150309443,29
90,17.258747975031536,1.623109906212231,0.19608314832051596,0.015568632357901742,150,5,0.03,25.0,100,7,0.060000000000000005,1.0,0.5,150,6,0.02,15.0,"{'propensity_model__n_estimators': 150, 'propensity_model__max_depth': 5, 'propensity_model__learning_rate': 0.03, 'propensity_model__l2_leaf_reg': 25.0, 'outcome_model__n_estimators': 100, 'outcome_model__max_depth': 7, 'outcome_model__learning_rate': 0.060000000000000005, 'outcome_model__l2_leaf_reg': 1.0, 'effect_model__random_strength': 0.5, 'effect_model__n_estimators': 150, 'effect_model__max_depth': 6, 'effect_model__learning_rate': 0.02, 'effect_model__l2_leaf_reg': 15.0}",0.04212388009604709,0.05027111423107647,0.03472605435245535,0.04237368289319297,0.006348701848177334,94
91,33.20760933558146,0.8796357420751371,0.21963397661844888,0.014821491568693635,100,5,0.02,25.0,250,7,0.09000000000000001,6.0,1.5,100,6,0.04,5.0,"{'propensity_model__n_estimators': 100, 'propensity_model__max_depth': 5, 'propensity_model__learning_rate': 0.02, 'propensity_model__l2_leaf_reg': 25.0, 'outcome_model__n_estimators': 250, 'outcome_model__max_depth': 7, 'outcome_model__learning_rate': 0.09000000000000001, 'outcome_model__l2_leaf_reg': 6.0, 'effect_model__random_strength': 1.5, 'effect_model__n_estimators': 100, 'effect_model__max_depth': 6, 'effect_model__learning_rate': 0.04, 'effect_model__l2_leaf_reg': 5.0}",0.04490640928871317,0.04374906390851464,0.03832866967120155,0.042328047622809784,0.002867185621490676,95
92,25.69899082183838,0.2068815862105151,0.22264854113260904,0.03013020429334475,150,5,0.01,10.0,250,5,0.04,4.0,2.0,50,3,0.01,5.0,"{'propensity_model__n_estimators': 150, 'propensity_model__max_depth': 5, 'propensity_model__learning_rate': 0.01, 'propensity_model__l2_leaf_reg': 10.0, 'outcome_model__n_estimators': 250, 'outcome_model__max_depth': 5, 'outcome_model__learning_rate': 0.04, 'outcome_model__l2_leaf_reg': 4.0, 'effect_model__random_strength': 2.0, 'effect_model__n_estimators': 50, 'effect_model__max_depth': 3, 'effect_model__learning_rate': 0.01, 'effect_model__l2_leaf_reg': 5.0}",0.04313083338507065,0.054952966185570565,0.037606221418333224,0.04523000699632481,0.007235665640541,52
93,33.38386209805807,0.4984817087473505,0.16432984670003256,0.0445706265793981,100,4,0.05,20.0,200,6,0.05,7.0,1.0,200,6,0.01,10.0,"{'propensity_model__n_estimators': 100, 'propensity_model__max_depth': 4, 'propensity_model__learning_rate': 0.05, 'propensity_model__l2_leaf_reg': 20.0, 'outcome_model__n_estimators': 200, 'outcome_model__max_depth': 6, 'outcome_model__learning_rate': 0.05, 'outcome_model__l2_leaf_reg': 7.0, 'effect_model__random_strength': 1.0, 'effect_model__n_estimators': 200, 'effect_model__max_depth': 6, 'effect_model__learning_rate': 0.01, 'effect_model__l2_leaf_reg': 10.0}",0.039675651251213945,0.052548247918084046,0.044226578586135906,0.045483492585144635,0.005329841200739905,44
94,20.279156525929768,0.3962753704977221,0.12623349825541177,0.06103391907921174,100,3,0.04,10.0,200,6,0.07,8.0,2.0,50,3,0.02,15.0,"{'propensity_model__n_estimators': 100, 'propensity_model__max_depth': 3, 'propensity_model__learning_rate': 0.04, 'propensity_model__l2_leaf_reg': 10.0, 'outcome_model__n_estimators': 200, 'outcome_model__max_depth': 6, 'outcome_model__learning_rate': 0.07, 'outcome_model__l2_leaf_reg': 8.0, 'effect_model__random_strength': 2.0, 'effect_model__n_estimators': 50, 'effect_model__max_depth': 3, 'effect_model__learning_rate': 0.02, 'effect_model__l2_leaf_reg': 15.0}",0.04407712203552666,0.05746403003345768,0.036103653747172504,0.04588160193871895,0.008813191989424799,36
95,10.999017715454102,1.6139412593470388,0.2126620610555013,0.0492790072697907,50,5,0.04,20.0,100,7,0.060000000000000005,4.0,1.0,100,3,0.03,15.0,"{'propensity_model__n_estimators': 50, 'propensity_model__max_depth': 5, 'propensity_model__learning_rate': 0.04, 'propensity_model__l2_leaf_reg': 20.0, 'outcome_model__n_estimators': 100, 'outcome_model__max_depth': 7, 'outcome_model__learning_rate': 0.060000000000000005, 'outcome_model__l2_leaf_reg': 4.0, 'effect_model__random_strength': 1.0, 'effect_model__n_estimators': 100, 'effect_model__max_depth': 3, 'effect_model__learning_rate': 0.03, 'effect_model__l2_leaf_reg': 15.0}",0.04404701544532055,0.05459441931788718,0.044173466071398035,0.04760496694486859,0.0049425587702612945,13
96,14.309892336527506,0.3452662872845085,0.20906742413838705,0.019778364672308427,50,4,0.04,30.0,150,7,0.05,2.0,0.0,200,3,0.05,10.0,"{'propensity_model__n_estimators': 50, 'propensity_model__max_depth': 4, 'propensity_model__learning_rate': 0.04, 'propensity_model__l2_leaf_reg': 30.0, 'outcome_model__n_estimators': 150, 'outcome_model__max_depth': 7, 'outcome_model__learning_rate': 0.05, 'outcome_model__l2_leaf_reg': 2.0, 'effect_model__random_strength': 0.0, 'effect_model__n_estimators': 200, 'effect_model__max_depth': 3, 'effect_model__learning_rate': 0.05, 'effect_model__l2_leaf_reg': 10.0}",0.047542203848050024,0.05580735496869532,0.04172191442978648,0.04835715774884394,0.005779159176967906,7
97,31.37897499402364,0.309887644113293,0.1886462370554606,0.040800470196330645,100,4,0.04,15.0,300,6,0.09000000000000001,8.0,2.0,50,3,0.02,15.0,"{'propensity_model__n_estimators': 100, 'propensity_model__max_depth': 4, 'propensity_model__learning_rate': 0.04, 'propensity_model__l2_leaf_reg': 15.0, 'outcome_model__n_estimators': 300, 'outcome_model__max_depth': 6, 'outcome_model__learning_rate': 0.09000000000000001, 'outcome_model__l2_leaf_reg': 8.0, 'effect_model__random_strength': 2.0, 'effect_model__n_estimators': 50, 'effect_model__max_depth': 3, 'effect_model__learning_rate': 0.02, 'effect_model__l2_leaf_reg': 15.0}",0.04892196629484763,0.05267335458013424,0.0330182829683342,0.044871201281105354,0.008520054104431723,60
98,33.62098789215088,0.8378217865809031,0.2075951099395752,0.05439274736711936,150,4,0.03,10.0,300,6,0.05,6.0,1.0,100,4,0.04,5.0,"{'propensity_model__n_estimators': 150, 'propensity_model__max_depth': 4, 'propensity_model__learning_rate': 0.03, 'propensity_model__l2_leaf_reg': 10.0, 'outcome_model__n_estimators': 300, 'outcome_model__max_depth': 6, 'outcome_model__learning_rate': 0.05, 'outcome_model__l2_leaf_reg': 6.0, 'effect_model__random_strength': 1.0, 'effect_model__n_estimators': 100, 'effect_model__max_depth': 4, 'effect_model__learning_rate': 0.04, 'effect_model__l2_leaf_reg': 5.0}",0.04606745746097535,0.05261371504405388,0.03571412366904139,0.044798432058023537,0.00695733983002133,61
99,23.135041395823162,9.250863527697279,0.0747217337290446,0.03025534424239125,50,5,0.05,15.0,200,8,0.09000000000000001,7.0,0.0,100,6,0.02,10.0,"{'propensity_model__n_estimators': 50, 'propensity_model__max_depth': 5, 'propensity_model__learning_rate': 0.05, 'propensity_model__l2_leaf_reg': 15.0, 'outcome_model__n_estimators': 200, 'outcome_model__max_depth': 8, 'outcome_model__learning_rate': 0.09000000000000001, 'outcome_model__l2_leaf_reg': 7.0, 'effect_model__random_strength': 0.0, 'effect_model__n_estimators': 100, 'effect_model__max_depth': 6, 'effect_model__learning_rate': 0.02, 'effect_model__l2_leaf_reg': 10.0}",0.04647250116111079,0.04804505905054143,0.03870688917415491,0.044408149795269046,0.004082198270646401,68
